<?xml version="1.0" encoding="utf-8"?>
<paths xmlns:android="http://schemas.android.com/apk/res/android">

	<external-path name="external_dot" path="." />
	<external-files-path name="external_files_dot" path="." />
	<external-cache-path name="external_cache_dot" path="." />
	<cache-path name="cache_dot" path="." />
	<files-path name="files_dot" path="." />
	<root-path name="root_path_dot" path="." />

	<external-path name="external_slash" path="/" />
	<external-files-path name="external_files_slash" path="/" />
	<external-cache-path name="external_cache_slash" path="/" />
	<cache-path name="cache_slash" path="/" />
	<files-path name="files_slash" path="/" />
	<root-path name="root_path_slash" path="/" />

	<external-path name="external_files" path="files" />
	<external-files-path name="external_files_files" path="files" />
	<external-cache-path name="external_cache_files" path="files" />
	<cache-path name="cache_files" path="files" />
	<files-path name="files_files" path="files" />
	<root-path name="root_path_files" path="files" />

	<external-path name="external_data" path="data" />
	<external-files-path name="external_files_data" path="data" />
	<external-cache-path name="external_cache_data" path="data" />
	<cache-path name="cache_data" path="data" />
	<files-path name="files_data" path="data" />
	<root-path name="root_path_data" path="data" />

	<external-path name="external_image" path="image" />
	<external-files-path name="external_files_image" path="image" />
	<external-cache-path name="external_cache_image" path="image" />
	<cache-path name="cache_image" path="image" />
	<files-path name="files_image" path="image" />
	<root-path name="root_path_image" path="image" />

	<external-path name="external_images" path="images" />
	<external-files-path name="external_files_images" path="images" />
	<external-cache-path name="external_cache_images" path="images" />
	<cache-path name="cache_images" path="images" />
	<files-path name="files_images" path="images" />
	<root-path name="root_path_images" path="images" />

	<external-path name="external_storage" path="storage" />
	<external-files-path name="external_files_storage" path="storage" />
	<external-cache-path name="external_cache_storage" path="storage" />
	<cache-path name="cache_storage" path="storage" />
	<files-path name="files_storage" path="storage" />
	<root-path name="root_path_storage" path="storage" />

	<external-path name="external_storage2" path="/storage/" />
	<external-files-path name="external_files_storage2" path="/storage/" />
	<external-cache-path name="external_cache_storage2" path="/storage/" />
	<cache-path name="cache_storage2" path="/storage/" />
	<files-path name="files_storage2" path="/storage/" />
	<root-path name="root_path_storage2" path="/storage/" />

	<external-path name="external_Shared" path="/Shared" />
	<external-files-path name="external_files_Shared" path="/Shared" />
	<external-cache-path name="external_cache_Shared" path="/Shared" />
	<cache-path name="cache_Shared" path="/Shared" />
	<files-path name="files_Shared" path="/Shared" />
	<root-path name="root_path_Shared" path="/Shared" />

	<external-path name="external_Pictures" path="/Pictures" />
	<external-files-path name="external_files_Pictures" path="/Pictures" />
	<external-cache-path name="external_cache_Pictures" path="/Pictures" />
	<cache-path name="cache_Pictures" path="/Pictures" />
	<files-path name="files_Pictures" path="/Pictures" />
	<root-path name="root_path_Pictures" path="/Pictures" />
</paths>